y_gp_hom,uy_gp_hom,y_gp_het,uy_gp_het
0.8493204290840779,4.4506528181392374e-07,0.8541343795058975,2.9700530316398722e-05
0.92712858362445,2.0699427747219197e-07,0.9278124756459103,1.721887805728168e-05
0.9609212234412304,1.819914468950647e-07,0.9607869362175679,7.658996071180908e-06
0.979963031486027,2.0540702164610557e-07,0.979756767384264,7.471408508330523e-06
0.9889943236656349,2.2238212967735277e-07,0.9889182982686788,8.452093266573909e-06
0.9935803126428877,2.3189100061092002e-07,0.9936401895710167,8.927378722941377e-06
0.9963708557794423,2.3791984662289254e-07,0.9965495721028318,9.171172426318069e-06
